Name	State
Akron	MO
Akron	OH
Akron	RI
Albuquerque	NV
Albuquerque	OR
Albuquerque	WV
Anaheim	CA
Anaheim	HI
Anaheim	KS
Anchorage	FL
Anchorage	MO
Anchorage	MT
Arlington	CA
Arlington	KS
Arlington	WA
Atlanta	AR
Atlanta	MN
Atlanta	TX
Aurora	NY
Aurora	WA
Austin	AR
Austin	TX
Austin	VT
Bakersfield	CA
Bakersfield	KS
Baltimore	NC
Baltimore	VT
Baltimore	WY
Baton Rouge	AZ
Baton Rouge	DE
Baton Rouge	GA
Birmingham	TX
Birmingham	VT
Birmingham	WY
Boston	CO
Boston	NV
Boston	WV
Buffalo	AL
Buffalo	IA
Charlotte	CA
Charlotte	NY
Charlotte	WA
Chicago	MI
Chicago	NH
Cincinnati	CO
Cincinnati	MA
Cincinnati	WV
Cleveland	CT
Cleveland	IL
Cleveland	OK
Colorado	AZ
Colorado	DE
Colorado	MD
Columbus	ID
Columbus	IL
Corpus Christi	IN
Corpus Christi	LA
Corpus Christi	NE
Dallas	CT
Dallas	OK
Dallas	WI
Dayton	IL
Dayton	OK
Denver	NV
Denver	WV
Des Moines	NC
Des Moines	OH
Des Moines	RI
Detroit	KY
Detroit	MN
Detroit	VA
El Paso	FL
El Paso	MO
El Paso	OH
Fort Wayne	AZ
Fort Wayne	DE
Fort Worth	CO
Fort Worth	MA
Fort Worth	UT
Fremont	ID
Fremont	PA
Fresno	MA
Fresno	UT
Garland	IA
Garland	SD
Glendale	CT
Glendale	WI
Grand Rapids	FL
Grand Rapids	MO
Grand Rapids	OH
Greensboro	MO
Greensboro	OH
Greensboro	RI
Hialeah	HI
Hialeah	KS
Hialeah	NM
Honolulu	GA
Honolulu	WI
Houston	NJ
Houston	OR
Indianapolis	IN
Indianapolis	MS
Indianapolis	NE
Jackson	AZ
Jackson	MD
Jacksonville	MI
Jacksonville	NH
Jacksonville	TN
Jersey	NC
Jersey	VT
Jersey	WY
Kansas	ME
Kansas	MI
Kansas	NH
Las Vegas	AL
Las Vegas	ME
Las Vegas	NH
Lincoln	AR
Lincoln	MN
Lincoln	TX
Little Rock	AR
Little Rock	MN
Little Rock	VA
Long Beach	MI
Long Beach	TN
Los Angeles	HI
Los Angeles	KS
Louisville	AK
Louisville	ID
Louisville	PA
Lubbock	ID
Lubbock	IL
Lubbock	PA
Madison	IA
Madison	SC
Madison	SD
Memphis	FL
Memphis	MT
Mesa	AK
Mesa	ND
Miami	MT
Miami	NY
Miami	WA
Milwaukee	MT
Milwaukee	NY
Minneapolis	NJ
Minneapolis	NV
Minneapolis	OR
Mobile	NC
Mobile	OH
Mobile	RI
Montgomery	KY
Montgomery	SC
Montgomery	VA
Nashville	IN
Nashville	LA
Nashville	UT
New Orleans	IN
New Orleans	LA
New York	AR
New York	TX
New York	VT
Newark	DE
Newark	GA
Norfolk	FL
Norfolk	MT
Norfolk	NY
Oakland	ME
Oakland	NH
Oklahoma	AK
Oklahoma	ND
Oklahoma	NM
Omaha	AZ
Omaha	MD
Omaha	MS
Philadelphia	FL
Philadelphia	MO
Phoenix	DE
Phoenix	GA
Phoenix	WI
Pittsburgh	CO
Pittsburgh	WV
Portland	IN
Portland	NE
Raleigh	NJ
Raleigh	OR
Raleigh	TN
Richmond	AK
Richmond	ND
Richmond	PA
Riverside	NC
Riverside	RI
Riverside	WY
Rochester	NV
Rochester	OR
Sacramento	CA
Sacramento	WA
San Antonio	MD
San Antonio	MS
San Diego	AL
San Diego	IA
San Diego	SD
San Francisco	MD
San Francisco	MS
San Francisco	NE
San Jose	AL
San Jose	IA
San Jose	ME
Santa Ana	LA
Santa Ana	UT
Seattle	HI
Seattle	ND
Seattle	NM
Shreveport	TX
Shreveport	VT
Shreveport	WY
Spokane	NJ
Spokane	TN
St. Louis	NC
St. Louis	RI
St. Louis	WY
St. Paul	CT
St. Paul	GA
St. Paul	WI
St. Petersburg	CT
St. Petersburg	OK
Stockton	ND
Stockton	NM
Tacoma	ID
Tacoma	IL
Tacoma	OK
Tampa	MS
Tampa	NE
Toledo	KY
Toledo	SC
Toledo	SD
Tucson	MI
Tucson	NJ
Tucson	TN
Tulsa	HI
Tulsa	NM
Virginia Beach	CO
Virginia Beach	MA
Washington	AL
Washington	ME
Wichita	AK
Wichita	PA
Yonkers	LA
Yonkers	MA
Yonkers	UT
